Ejercicio,q,nombreQ,idMunicipio,programa,subPrograma,nombre,noLocalidad,ejecutor,obraOAccion,modalidad,situacion,federal,estatal,municipal,beneficiarios,otros,meta,metaCantidad,tipoBeneficiario,numeroMujeres,numeroHombres,fechaInicio,fechaTermino,tieneProyecto,tieneExpTec,coordenadas - descripcion,coordenadas - geometria,coordenadas - tipoCoordenada,coordenadas - esCentroDeObra,estatus,porcentajeAvance,idRubro,idEjeEstrategico
2020,Q0324,YO EMPRENDO,,Q0324,Q0324,LONCHERIA SOFI,0029,SDES,2,AD,IT,0,"$19,999.00",0,1,0,PERSONAS,1,PERSONA,1,0,43831,44196,No,No,,,point,true,TERMINADA,100,,1
2020,Q0324,YO EMPRENDO,,Q0324,Q0324,PASTELERIA ROX,0001,SDES,2,AD,IT,0,"$47,231.00",0,3,0,PERSONAS,3,PERSONA,1,2,43831,44196,No,No,,,point,true,TERMINADA,100,,1
2020,Q0324,YO EMPRENDO,,Q0324,Q0324,FUENTE DE SODAS HURTADO,0001,SDES,2,AD,IT,0,"$37,032.00",0,2,0,PERSONAS,2,PERSONA,1,1,43831,44196,No,No,DOLORES HIDALGO_CABECERA_1101400010339,"[21.14695497552271775,-100.92082601294002586]",point,true,TERMINADA,100,,1
2020,Q0324,YO EMPRENDO,,Q0324,Q0324,LA COCINA DE ALEJANDRA,0001,SDES,2,AD,IT,0,"$34,959.00",0,2,0,PERSONAS,2,PERSONA,2,0,43831,44196,No,No,,,point,true,TERMINADA,100,,1
2020,Q0324,YO EMPRENDO,,Q0324,Q0324,ABRIL DESAYUNOS Y COMIDAS,0001,SDES,2,AD,IT,0,"$19,100.00",0,1,0,PERSONAS,1,PERSONA,1,0,43831,44196,No,No,,,point,true,TERMINADA,100,,1
2020,Q0324,YO EMPRENDO,,Q0324,Q0324,CENADURIA ALI,0001,SDES,2,AD,IT,0,"$21,587.00",0,1,0,PERSONAS,1,PERSONA,1,0,43831,44196,No,No,,,point,true,TERMINADA,100,,1
2020,Q0324,YO EMPRENDO,,Q0324,Q0324,COLMENERO REPOSTERIA,0001,SDES,2,AD,IT,0,"$30,146.00",0,1,0,PERSONAS,1,PERSONA,0,1,43831,44196,No,No,VILLAGRAN_VILLAGRAN CENTRO_110440001,"[20.51281143485090652,-100.99592159219334064]",point,true,TERMINADA,100,,1
2020,Q0324,YO EMPRENDO,,Q0324,Q0324,TAQUERIA EL FOQUITO,0001,SDES,2,AD,IT,0,"$18,890.00",0,1,0,PERSONAS,1,PERSONA,1,0,43831,44196,No,No,SANTIAGO MARAVATIO_SANTIAGO MARAVATIO_11036,"[20.15823338982049862,-100.9903642592975217]",point,true,TERMINADA,100,,1
2020,Q0324,YO EMPRENDO,,Q0324,Q0324,DESAYUNOS ARELY,0001,SDES,2,AD,IT,0,"$18,934.00",0,1,0,PERSONAS,1,PERSONA,1,0,43831,44196,No,No,,,point,true,TERMINADA,100,,1
2020,Q0324,YO EMPRENDO,,Q0324,Q0324,E.C.PIZZAS,0001,SDES,2,AD,IT,0,"$31,278.00",0,2,0,PERSONAS,2,PERSONA,1,1,43831,44196,No,No,,,point,true,TERMINADA,100,,1
2020,Q0324,YO EMPRENDO,,Q0324,Q0324,LACTEOS VICTORIA,0108,SDES,2,AD,IT,0,"$27,918.00",0,2,0,PERSONAS,2,PERSONA,1,1,43831,44196,No,No,VICTORIA_VICTORIA_11043,"[21.36595716736649209,-100.21461007973181268]",point,true,TERMINADA,100,,1
2020,Q0324,YO EMPRENDO,,Q0324,Q0324,CARNICERIA TONY,0001,SDES,2,AD,IT,0,"$39,935.32",0,2,0,PERSONAS,2,PERSONA,1,1,43831,44196,No,No,,,point,true,TERMINADA,100,,1
2020,Q0324,YO EMPRENDO,,Q0324,Q0324,COCINA ECONOMICA JULIETA,0001,SDES,2,AD,IT,0,"$24,861.00",0,1,0,PERSONAS,1,PERSONA,1,0,43831,44196,No,No,,,point,true,TERMINADA,100,,1
2020,Q0324,YO EMPRENDO,,Q0324,Q0324,FUENTE DE SODAS MARY,0001,SDES,2,AD,IT,0,"$24,803.00",0,1,0,PERSONAS,1,PERSONA,1,0,43831,44196,No,No,,,point,true,TERMINADA,100,,1
2020,Q0324,YO EMPRENDO,,Q0324,Q0324,HELADOS Y PALETAS DULCE TENTACION,0001,SDES,2,AD,IT,0,"$49,530.00",0,2,0,PERSONAS,2,PERSONA,1,1,43831,44196,No,No,,,point,true,TERMINADA,100,,1
2020,Q0324,YO EMPRENDO,,Q0324,Q0324,PANIFICADORA LOS REYES,0001,SDES,2,AD,IT,0,"$22,303.00",0,1,0,PERSONAS,1,PERSONA,0,1,43831,44196,No,No,,,point,true,TERMINADA,100,,1
2020,Q0324,YO EMPRENDO,,Q0324,Q0324,PAPAS FRITAS ZABRI-TON,0001,SDES,2,AD,IT,0,"$29,900.00",0,1,0,PERSONAS,1,PERSONA,0,1,43831,44196,No,No,,,point,true,TERMINADA,100,,1
2020,Q0324,YO EMPRENDO,,Q0324,Q0324,PASTELERIA Y REPOSTERIA MIRIAM,0001,SDES,2,AD,IT,0,"$47,359.00",0,2,0,PERSONAS,2,PERSONA,1,1,43831,44196,No,No,URIANGATO_PLAN DE AYALA_1104100010209,"[20.1508068463429737,-101.18792140076703845]",point,true,TERMINADA,100,,1
2020,Q0324,YO EMPRENDO,,Q0324,Q0324,POSTRES CHUY,0001,SDES,2,AD,IT,0,"$21,678.00",0,1,0,PERSONAS,1,PERSONA,1,0,43831,44196,No,No,URIANGATO_PLAN DE AYALA_1104100010209,"[20.1508068463429737,-101.18792140076703845]",point,true,TERMINADA,100,,1
2020,Q0324,YO EMPRENDO,,Q0324,Q0324,"GRATIN HOUSE, HAMBURGUESAS ARTESANALES",0180,SDES,2,AD,IT,0,"$30,364.00",0,1,0,PERSONAS,1,PERSONA,1,0,43831,44196,No,No,CELAYA_EL SAUZ_EL SAUZ DE VILLASEÑOR_110070180,"[20.41005465105393668,-100.79957939181413451]",point,true,TERMINADA,100,,1
2020,Q0324,YO EMPRENDO,,Q0324,Q0324,CAFETERIA Y MALTEADAS GABY,0001,SDES,2,AD,IT,0,"$18,000.00",0,1,0,PERSONAS,1,PERSONA,1,0,43831,44196,No,No,,,point,true,TERMINADA,100,,1
2020,Q0324,YO EMPRENDO,,Q0324,Q0324,COMIDA CASTAÑEDA,0164,SDES,2,AD,IT,0,"$20,700.00",0,1,0,PERSONAS,1,PERSONA,1,0,43831,44196,No,No,,,point,true,TERMINADA,100,,1
2020,Q0324,YO EMPRENDO,,Q0324,Q0324,POSTRECITOS JANA,0001,SDES,2,AD,IT,0,"$19,856.00",0,1,0,PERSONAS,1,PERSONA,1,0,43831,44196,No,No,PENJAMO_PENJAMO_1102300010338,"[20.39247106569587942,-101.69235214563772729]",point,true,TERMINADA,100,,1
2020,Q0324,YO EMPRENDO,,Q0324,Q0324,TAQUERIA DON ROGE,0001,SDES,2,AD,IT,0,"$29,399.00",0,2,0,PERSONAS,2,PERSONA,0,2,43831,44196,No,No,,,point,true,TERMINADA,100,,1
2020,Q0324,YO EMPRENDO,,Q0324,Q0324,CENADURIA VENE,,SDES,2,AD,IT,0,"$17,556.02",0,1,0,PERSONAS,1,PERSONA,1,0,43831,44196,No,No,,,point,true,TERMINADA,100,,1
2020,Q0324,YO EMPRENDO,,Q0324,Q0324,HERRERIA VAZQUEZ,,SDES,2,AD,IT,0,"$43,174.07",0,2,0,PERSONAS,2,PERSONA,0,2,43831,44196,No,No,,,point,true,TERMINADA,100,,1
2020,Q0324,YO EMPRENDO,,Q0324,Q0324,POLLERIA SANTA CECILIA,,SDES,2,AD,IT,0,"$36,190.00",0,3,0,PERSONAS,3,PERSONA,2,1,43831,44196,No,No,,,point,true,TERMINADA,100,,1
2020,Q0324,YO EMPRENDO,,Q0324,Q0324,CONSTRUCCIONES HERNANDEZ,,SDES,2,AD,IT,0,"$20,799.99",0,1,0,PERSONAS,1,PERSONA,0,1,43831,44196,No,No,,,point,true,TERMINADA,100,,1
2020,Q0324,YO EMPRENDO,,Q0324,Q0324,CONSTRUCTORA MENDEZ,,SDES,2,AD,IT,0,"$19,499.99",0,1,0,PERSONAS,1,PERSONA,0,1,43831,44196,No,No,,,point,true,TERMINADA,100,,1
2020,Q0324,YO EMPRENDO,,Q0324,Q0324,SERVICIOS DE CONSTRUCCION VAZQUEZ,,SDES,2,AD,IT,0,"$19,499.99",0,1,0,PERSONAS,1,PERSONA,0,1,43831,44196,No,No,,,point,true,TERMINADA,100,,1
2020,Q0324,YO EMPRENDO,,Q0324,Q0324,HERRERIA ENRIQUEZ,,SDES,2,AD,IT,0,"$28,300.00",0,1,0,PERSONAS,1,PERSONA,0,1,43831,44196,No,No,,,point,true,TERMINADA,100,,1
2020,Q0324,YO EMPRENDO,,Q0324,Q0324,CARPINTERIA MEDINA,,SDES,2,AD,IT,0,"$24,192.00",0,1,0,PERSONAS,1,PERSONA,0,1,43831,44196,No,No,,,point,true,TERMINADA,100,,1
2020,Q0324,YO EMPRENDO,,Q0324,Q0324,HERRERIA PIÑON,,SDES,2,AD,IT,0,"$18,800.00",0,1,0,PERSONAS,1,PERSONA,0,1,43831,44196,No,No,,,point,true,TERMINADA,100,,1
2020,Q0324,YO EMPRENDO,,Q0324,Q0324,CARPINTERIA EL RODRIGUEZ,,SDES,2,AD,IT,0,"$26,450.00",0,1,0,PERSONAS,1,PERSONA,0,1,43831,44196,No,No,,,point,true,TERMINADA,100,,1
2020,Q0324,YO EMPRENDO,,Q0324,Q0324,COMIDAS CUQUITA,,SDES,2,AD,IT,0,"$39,431.00",0,2,0,PERSONAS,2,PERSONA,1,1,43831,44196,No,No,,,point,true,TERMINADA,100,,1
2020,Q0324,YO EMPRENDO,,Q0324,Q0324,SERVICIOS GASTRONOMICOS DE LEON,,SDES,2,AD,IT,0,"$19,251.00",0,1,0,PERSONAS,1,PERSONA,0,1,43831,44196,No,No,,,point,true,TERMINADA,100,,1
2020,Q0324,YO EMPRENDO,,Q0324,Q0324,TALLER LOPEZ,,SDES,2,AD,IT,0,"$19,201.00",0,1,0,PERSONAS,1,PERSONA,0,1,43831,44196,No,No,,,point,true,TERMINADA,100,,1
2020,Q0324,YO EMPRENDO,,Q0324,Q0324,CONSTRUCCIONES VALTIERRA,,SDES,2,AD,IT,0,"$20,799.99",0,1,0,PERSONAS,1,PERSONA,0,1,43831,44196,No,No,,,point,true,TERMINADA,100,,1
2020,Q0324,YO EMPRENDO,,Q0324,Q0324,POLLERIA LA NUEVA,,SDES,2,AD,IT,0,"$22,680.00",0,1,0,PERSONAS,1,PERSONA,1,0,43831,44196,No,No,,,point,true,TERMINADA,100,,1
2020,Q0324,YO EMPRENDO,,Q0324,Q0324,CONSTRUCCIONES SOFIO,,SDES,2,AD,IT,0,"$19,499.99",0,1,0,PERSONAS,1,PERSONA,0,1,43831,44196,No,No,,,point,true,TERMINADA,100,,1
2020,Q0324,YO EMPRENDO,,Q0324,Q0324,HOJALATERIA ESTRADA,,SDES,2,AD,IT,0,"$24,048.53",0,1,0,PERSONAS,1,PERSONA,0,1,43831,44196,No,No,,,point,true,TERMINADA,100,,1
2020,Q0324,YO EMPRENDO,,Q0324,Q0324,CONSTRUCTORA MONTES,,SDES,2,AD,IT,0,"$24,959.00",0,1,0,PERSONAS,1,PERSONA,0,1,43831,44196,No,No,,,point,true,TERMINADA,100,,1
2020,Q0324,YO EMPRENDO,,Q0324,Q0324,CARPINTERIA RODRIGUEZ,,SDES,2,AD,IT,0,"$23,480.00",0,1,0,PERSONAS,1,PERSONA,0,1,43831,44196,No,No,,,point,true,TERMINADA,100,,1
2020,Q0324,YO EMPRENDO,,Q0324,Q0324,PASTELERIA PAO,,SDES,2,AD,IT,0,"$21,587.00",0,1,0,PERSONAS,1,PERSONA,1,0,43831,44196,No,No,,,point,true,TERMINADA,100,,1
2020,Q0324,YO EMPRENDO,,Q0324,Q0324,HERRERIA SAN JUAN,,SDES,2,AD,IT,0,"$22,636.00",0,1,0,PERSONAS,1,PERSONA,0,1,43831,44196,No,No,,,point,true,TERMINADA,100,,1
2020,Q0324,YO EMPRENDO,,Q0324,Q0324,HOJALATERIA Y PINTURA GARCIA,,SDES,2,AD,IT,0,"$23,750.00",0,1,0,PERSONAS,1,PERSONA,0,1,43831,44196,No,No,,,point,true,TERMINADA,100,,1
2020,Q0324,YO EMPRENDO,,Q0324,Q0324,HERRERIA EL CERRITO,,SDES,2,AD,IT,0,"$14,329.41",0,1,0,PERSONAS,1,PERSONA,0,1,43831,44196,No,No,,,point,true,TERMINADA,100,,1
2020,Q0324,YO EMPRENDO,,Q0324,Q0324,CONSTRUCCIONES ROCHA,,SDES,2,AD,IT,0,"$20,799.99",0,1,0,PERSONAS,1,PERSONA,0,1,43831,44196,No,No,,,point,true,TERMINADA,100,,1
2020,Q0324,YO EMPRENDO,,Q0324,Q0324,CONSTRUCCIONES LICEA,,SDES,2,AD,IT,0,"$24,674.00",0,1,0,PERSONAS,1,PERSONA,0,1,43831,44196,No,No,,,point,true,TERMINADA,100,,1
2020,Q0324,YO EMPRENDO,,Q0324,Q0324,CONSTRUCCIONES DORADO,,SDES,2,AD,IT,0,"$20,799.99",0,1,0,PERSONAS,1,PERSONA,0,1,43831,44196,No,No,,,point,true,TERMINADA,100,,1
2020,Q0324,YO EMPRENDO,,Q0324,Q0324,ALBAÑILERIA  JIMENEZ,,SDES,2,AD,IT,0,"$20,799.99",0,1,0,PERSONAS,1,PERSONA,0,1,43831,44196,No,No,,,point,true,TERMINADA,100,,1
2020,Q0324,YO EMPRENDO,,Q0324,Q0324,DULCES CELI,,SDES,2,AD,IT,0,"$14,999.67",0,1,0,PERSONAS,1,PERSONA,1,0,43831,44196,No,No,,,point,true,TERMINADA,100,,1
2020,Q0324,YO EMPRENDO,,Q0324,Q0324,PANADERIA LUPITA,,SDES,2,AD,IT,0,"$27,777.00",0,2,0,PERSONAS,2,PERSONA,1,1,43831,44196,No,No,,,point,true,TERMINADA,100,,1
2020,Q0324,YO EMPRENDO,,Q0324,Q0324,PRODUCTOS HORNEADOS BLANQUITA,,SDES,2,AD,IT,0,"$27,041.00",0,2,0,PERSONAS,2,PERSONA,2,0,43831,44196,No,No,,,point,true,TERMINADA,100,,1
2020,Q0324,YO EMPRENDO,,Q0324,Q0324,TACOS Y ALGO MAS,,SDES,2,AD,IT,0,"$21,294.00",0,1,0,PERSONAS,1,PERSONA,1,0,43831,44196,No,No,,,point,true,TERMINADA,100,,1
2020,Q0324,YO EMPRENDO,,Q0324,Q0324,TALLER DE ELECTRODOMESTICOS LUPILLOS,,SDES,2,AD,IT,0,"$21,057.97",0,1,0,PERSONAS,1,PERSONA,0,1,43831,44196,No,No,,,point,true,TERMINADA,100,,1
2020,Q0324,YO EMPRENDO,,Q0324,Q0324,ROSTICERIA MAURI,,SDES,2,AD,IT,0,"$24,188.32",0,1,0,PERSONAS,1,PERSONA,0,1,43831,44196,No,No,,,point,true,TERMINADA,100,,1
2020,Q0324,YO EMPRENDO,,Q0324,Q0324,PALETRERIA CRIS S,,SDES,2,AD,IT,0,"$34,990.24",0,2,0,PERSONAS,2,PERSONA,1,1,43831,44196,No,No,,,point,true,TERMINADA,100,,1
2020,Q0324,YO EMPRENDO,,Q0324,Q0324,TORTILLAS DE PRENSA LETY,,SDES,2,AD,IT,0,"$22,539.00",0,1,0,PERSONAS,1,PERSONA,1,0,43831,44196,No,No,,,point,true,TERMINADA,100,,1
2020,Q0324,YO EMPRENDO,,Q0324,Q0324,CENADURIA ROSY,,SDES,2,AD,IT,0,"$22,227.00",0,1,0,PERSONAS,1,PERSONA,1,0,43831,44196,No,No,,,point,true,TERMINADA,100,,1
2020,Q0324,YO EMPRENDO,,Q0324,Q0324,GORDITAS Y QUESADILLAS YAYAS,,SDES,2,AD,IT,0,"$43,235.00",0,3,0,PERSONAS,3,PERSONA,3,0,43831,44196,No,No,,,point,true,TERMINADA,100,,1
2020,Q0324,YO EMPRENDO,,Q0324,Q0324,HAMBURGUESAS MIGUELITO,,SDES,2,AD,IT,0,"$20,900.00",0,1,0,PERSONAS,1,PERSONA,1,0,43831,44196,No,No,,,point,true,TERMINADA,100,,1
2020,Q0324,YO EMPRENDO,,Q0324,Q0324,PANADERIA LA TRADICIONAL,,SDES,2,AD,IT,0,"$38,878.00",0,2,0,PERSONAS,2,PERSONA,1,1,43831,44196,No,No,,,point,true,TERMINADA,100,,1
2020,Q0324,YO EMPRENDO,,Q0324,Q0324,RESTAURANTE BLUE MOON,,SDES,2,AD,IT,0,"$44,944.00",0,2,0,PERSONAS,2,PERSONA,1,1,43831,44196,No,No,,,point,true,TERMINADA,100,,1
2020,Q0324,YO EMPRENDO,,Q0324,Q0324,HOJALATERIA Y PINTURA MAYCO,,SDES,2,AD,IT,0,"$20,900.00",0,1,0,PERSONAS,1,PERSONA,0,1,43831,44196,No,No,,,point,true,TERMINADA,100,,1
2020,Q0324,YO EMPRENDO,,Q0324,Q0324,BIRRIA L J,,SDES,2,AD,IT,0,"$22,237.00",0,1,0,PERSONAS,1,PERSONA,0,1,43831,44196,No,No,,,point,true,TERMINADA,100,,1
2020,Q0324,YO EMPRENDO,,Q0324,Q0324,CAFÉ CHUIN,,SDES,2,AD,IT,0,"$24,243.00",0,1,0,PERSONAS,1,PERSONA,1,0,43831,44196,No,No,,,point,true,TERMINADA,100,,1
2020,Q0324,YO EMPRENDO,,Q0324,Q0324,CHOCOLATERIA DANYADY,,SDES,2,AD,IT,0,"$25,000.00",0,1,0,PERSONAS,1,PERSONA,0,1,43831,44196,No,No,,,point,true,TERMINADA,100,,1
2020,Q0324,YO EMPRENDO,,Q0324,Q0324,PUNTO CERO,,SDES,2,AD,IT,0,"$42,300.00",0,2,0,PERSONAS,2,PERSONA,1,1,43831,44196,No,No,,,point,true,TERMINADA,100,,1
2020,Q0324,YO EMPRENDO,,Q0324,Q0324,LONCHERIA EDDYLU,,SDES,2,AD,IT,0,"$26,452.00",0,1,0,PERSONAS,1,PERSONA,1,0,43831,44196,No,No,,,point,true,TERMINADA,100,,1
2020,Q0324,YO EMPRENDO,,Q0324,Q0324,LONCHERIA EL PUNTO,,SDES,2,AD,IT,0,"$21,381.00",0,1,0,PERSONAS,1,PERSONA,1,0,43831,44196,No,No,,,point,true,TERMINADA,100,,1
2020,Q0324,YO EMPRENDO,,Q0324,Q0324,TORTILLERIA ORTEGA,,SDES,2,AD,IT,0,"$13,870.12",0,1,0,PERSONAS,1,PERSONA,1,0,43831,44196,No,No,,,point,true,TERMINADA,100,,1
2020,Q0324,YO EMPRENDO,,Q0324,Q0324,CHAVEZ MOTORS TALLER MECANICO,,SDES,2,AD,IT,0,"$25,444.00",0,1,0,PERSONAS,1,PERSONA,0,1,43831,44196,No,No,,,point,true,TERMINADA,100,,1
2020,Q0324,YO EMPRENDO,,Q0324,Q0324,LONCHERIA LA CHINA,,SDES,2,AD,IT,0,"$16,014.03",0,1,0,PERSONAS,1,PERSONA,1,0,43831,44196,No,No,,,point,true,TERMINADA,100,,1
2020,Q0324,YO EMPRENDO,,Q0324,Q0324,PANADERIA MAXI,,SDES,2,AD,IT,0,"$42,952.00",0,2,0,PERSONAS,2,PERSONA,1,1,43831,44196,No,No,,,point,true,TERMINADA,100,,1
2020,Q0324,YO EMPRENDO,,Q0324,Q0324,BIRRIA Y ASADA LOS COMPIS,,SDES,2,AD,IT,0,"$19,786.00",0,1,0,PERSONAS,1,PERSONA,1,0,43831,44196,No,No,,,point,true,TERMINADA,100,,1
2020,Q0324,YO EMPRENDO,,Q0324,Q0324,TORTAS EL VIEJO PORTAL,,SDES,2,AD,IT,0,"$22,000.00",0,1,0,PERSONAS,1,PERSONA,1,0,43831,44196,No,No,,,point,true,TERMINADA,100,,1
2020,Q0324,YO EMPRENDO,,Q0324,Q0324,PIZZAS SANTA ANITA,,SDES,2,AD,IT,0,"$27,548.00",0,1,0,PERSONAS,1,PERSONA,0,1,43831,44196,No,No,,,point,true,TERMINADA,100,,1
2020,Q0324,YO EMPRENDO,,Q0324,Q0324,POSTRES LAS BRUJAS,,SDES,2,AD,IT,0,"$30,000.00",0,1,0,PERSONAS,1,PERSONA,1,0,43831,44196,No,No,,,point,true,TERMINADA,100,,1
2020,Q0324,YO EMPRENDO,,Q0324,Q0324,GORDITAS LETTY,,SDES,2,AD,IT,0,"$23,407.00",0,1,0,PERSONAS,1,PERSONA,1,0,43831,44196,No,No,,,point,true,TERMINADA,100,,1
2020,Q0324,YO EMPRENDO,,Q0324,Q0324,PAN Y PASTELES CANDY S,,SDES,2,AD,IT,0,"$26,716.00",0,1,0,PERSONAS,1,PERSONA,1,0,43831,44196,No,No,,,point,true,TERMINADA,100,,1
2020,Q0324,YO EMPRENDO,,Q0324,Q0324,PANADERIA TELLO,,SDES,2,AD,IT,0,"$30,302.00",0,1,0,PERSONAS,1,PERSONA,1,0,43831,44196,No,No,,,point,true,TERMINADA,100,,1
2020,Q0324,YO EMPRENDO,,Q0324,Q0324,COCINA DE ABY,,SDES,2,AD,IT,0,"$25,507.00",0,1,0,PERSONAS,1,PERSONA,1,0,43831,44196,No,No,,,point,true,TERMINADA,100,,1
2020,Q0324,YO EMPRENDO,,Q0324,Q0324,PASTELERIA GISELL,,SDES,2,AD,IT,0,"$21,400.00",0,1,0,PERSONAS,1,PERSONA,1,0,43831,44196,No,No,,,point,true,TERMINADA,100,,1
2020,Q0324,YO EMPRENDO,,Q0324,Q0324,REPOSTERIA LA FLOR,,SDES,2,AD,IT,0,"$17,428.00",0,1,0,PERSONAS,1,PERSONA,1,0,43831,44196,No,No,,,point,true,TERMINADA,100,,1
2020,Q0324,YO EMPRENDO,,Q0324,Q0324,TORTILLERIA LA NEGRITA,,SDES,2,AD,IT,0,"$20,895.00",0,1,0,PERSONAS,1,PERSONA,1,0,43831,44196,No,No,,,point,true,TERMINADA,100,,1
2020,Q0324,YO EMPRENDO,,Q0324,Q0324,COCINA ECONOMICA EL SABOR DE CUERAMARO,,SDES,2,AD,IT,0,"$21,626.00",0,1,0,PERSONAS,1,PERSONA,1,0,43831,44196,No,No,,,point,true,TERMINADA,100,,1
2020,Q0324,YO EMPRENDO,,Q0324,Q0324,CAFE Y SNAKS BURBUROS,,SDES,2,AD,IT,0,"$27,209.00",0,1,0,PERSONAS,1,PERSONA,0,1,43831,44196,No,No,,,point,true,TERMINADA,100,,1
2020,Q0324,YO EMPRENDO,,Q0324,Q0324,LOS POLLOTES AL CARBON,,SDES,2,AD,IT,0,"$22,617.00",0,1,0,PERSONAS,1,PERSONA,0,1,43831,44196,No,No,,,point,true,TERMINADA,100,,1
2020,Q0324,YO EMPRENDO,,Q0324,Q0324,PANADERIA TADEO,,SDES,2,AD,IT,0,"$19,415.00",0,2,0,PERSONAS,2,PERSONA,1,1,43831,44196,No,No,,,point,true,TERMINADA,100,,1
2020,Q0324,YO EMPRENDO,,Q0324,Q0324,REPOSTERIA FINA LUPITA,,SDES,2,AD,IT,0,"$45,387.00",0,2,0,PERSONAS,2,PERSONA,2,0,43831,44196,No,No,,,point,true,TERMINADA,100,,1
2020,Q0324,YO EMPRENDO,,Q0324,Q0324,DESAYUNADOR PADRE PIO,,SDES,2,AD,IT,0,"$24,581.00",0,1,0,PERSONAS,1,PERSONA,1,0,43831,44196,No,No,,,point,true,TERMINADA,100,,1
2020,Q0324,YO EMPRENDO,,Q0324,Q0324,CARNICERIA MEDEL,,SDES,2,AD,IT,0,"$47,243.00",0,2,0,PERSONAS,2,PERSONA,1,1,43831,44196,No,No,,,point,true,TERMINADA,100,,1
2020,Q0324,YO EMPRENDO,,Q0324,Q0324,CARNITAS DOÑA MAGO,,SDES,2,AD,IT,0,"$22,194.00",0,1,0,PERSONAS,1,PERSONA,0,1,43831,44196,No,No,,,point,true,TERMINADA,100,,1
2020,Q0324,YO EMPRENDO,,Q0324,Q0324,DEMOLICIONES Y CONSTRUCCIONES AMEZQUITA,,SDES,2,AD,IT,0,"$28,887.60",0,1,0,PERSONAS,1,PERSONA,0,1,43831,44196,No,No,,,point,true,TERMINADA,100,,1
2020,Q0324,YO EMPRENDO,,Q0324,Q0324,PIZZERIA VIALIS,,SDES,2,AD,IT,0,"$32,500.00",0,1,0,PERSONAS,1,PERSONA,0,1,43831,44196,No,No,,,point,true,TERMINADA,100,,1
2020,Q0324,YO EMPRENDO,,Q0324,Q0324,ANTOJITOS JOSBRAN,,SDES,2,AD,IT,0,"$21,206.00",0,1,0,PERSONAS,1,PERSONA,1,0,43831,44196,No,No,,,point,true,TERMINADA,100,,1
2020,Q0324,YO EMPRENDO,,Q0324,Q0324,PIZZERIA MARTA,,SDES,2,AD,IT,0,"$14,980.00",0,1,0,PERSONAS,1,PERSONA,1,0,43831,44196,No,No,,,point,true,TERMINADA,100,,1
2020,Q0324,YO EMPRENDO,,Q0324,Q0324,NIEVES JUNIOR,,SDES,2,AD,IT,0,"$38,261.00",0,1,0,PERSONAS,1,PERSONA,1,0,43831,44196,No,No,,,point,true,TERMINADA,100,,1
2020,Q0324,YO EMPRENDO,,Q0324,Q0324,PASTELERIA Y PANADERIA FLOR,,SDES,2,AD,IT,0,"$22,170.00",0,1,0,PERSONAS,1,PERSONA,1,0,43831,44196,No,No,,,point,true,TERMINADA,100,,1
2020,Q0324,YO EMPRENDO,,Q0324,Q0324,CONSTRUCCIONES MARTINEZ,,SDES,2,AD,IT,0,"$23,533.00",0,1,0,PERSONAS,1,PERSONA,0,1,43831,44196,No,No,,,point,true,TERMINADA,100,,1
2020,Q0324,YO EMPRENDO,,Q0324,Q0324,POLLOS EL TACHY,,SDES,2,AD,IT,0,"$17,769.00",0,1,0,PERSONAS,1,PERSONA,0,1,43831,44196,No,No,,,point,true,TERMINADA,100,,1
2020,Q0324,YO EMPRENDO,,Q0324,Q0324,TORTILLA ARTESANAL GINA,,SDES,2,AD,IT,0,"$22,927.00",0,1,0,PERSONAS,1,PERSONA,1,0,43831,44196,No,No,,,point,true,TERMINADA,100,,1
2020,Q0324,YO EMPRENDO,,Q0324,Q0324,CONFECCIONES JOSE,,SDES,2,AD,IT,0,"$19,090.00",0,1,0,PERSONAS,1,PERSONA,1,0,43831,44196,No,No,,,point,true,TERMINADA,100,,1
2020,Q0324,YO EMPRENDO,,Q0324,Q0324,CONFECCIONES ROSARIO GUIDO,,SDES,2,AD,IT,0,"$18,140.00",0,1,0,PERSONAS,1,PERSONA,1,0,43831,44196,No,No,,,point,true,TERMINADA,100,,1
2020,Q0324,YO EMPRENDO,,Q0324,Q0324,CONFECCIONES ROSY,,SDES,2,AD,IT,0,"$23,064.06",0,1,0,PERSONAS,1,PERSONA,1,0,43831,44196,No,No,,,point,true,TERMINADA,100,,1
2020,Q0324,YO EMPRENDO,,Q0324,Q0324,CORTE Y CONFECCIÓN LILIANA,,SDES,2,AD,IT,0,"$17,725.00",0,1,0,PERSONAS,1,PERSONA,1,0,43831,44196,No,No,,,point,true,TERMINADA,100,,1
2020,Q0324,YO EMPRENDO,,Q0324,Q0324,COSTURAS EDUARDO,,SDES,2,AD,IT,0,"$18,501.83",0,1,0,PERSONAS,1,PERSONA,0,1,43831,44196,No,No,,,point,true,TERMINADA,100,,1
2020,Q0324,YO EMPRENDO,,Q0324,Q0324,ESTETICA LILIA.,,SDES,2,AD,IT,0,"$25,035.00",0,1,0,PERSONAS,1,PERSONA,1,0,43831,44196,No,No,,,point,true,TERMINADA,100,,1
2020,Q0324,YO EMPRENDO,,Q0324,Q0324,ESTETICA JOSE,,SDES,2,AD,IT,0,"$23,180.00",0,1,0,PERSONAS,1,PERSONA,1,0,43831,44196,No,No,,,point,true,TERMINADA,100,,1
2020,Q0324,YO EMPRENDO,,Q0324,Q0324,PASTELERIA KETTY,,SDES,2,AD,IT,0,"$16,967.00",0,1,0,PERSONAS,1,PERSONA,1,0,43831,44196,No,No,,,point,true,TERMINADA,100,,1
2020,Q0324,YO EMPRENDO,,Q0324,Q0324,TALLER DE COSTURAS MARYS,,SDES,2,AD,IT,0,"$18,200.00",0,1,0,PERSONAS,1,PERSONA,1,0,43831,44196,No,No,,,point,true,TERMINADA,100,,1
2020,Q0324,YO EMPRENDO,,Q0324,Q0324,ACCESORIOS ALO,,SDES,2,AD,IT,0,"$33,322.00",0,1,0,PERSONAS,1,PERSONA,1,0,43831,44196,No,No,,,point,true,TERMINADA,100,,1
2020,Q0324,YO EMPRENDO,,Q0324,Q0324,DISEÑO DE VESTUARIO COLIBRI,,SDES,2,AD,IT,0,"$39,220.00",0,2,0,PERSONAS,1,PERSONA,1,1,43831,44196,No,No,,,point,true,TERMINADA,100,,1
2020,Q0324,YO EMPRENDO,,Q0324,Q0324,ESTETICA ANGY,,SDES,2,AD,IT,0,"$26,607.00",0,1,0,PERSONAS,1,PERSONA,1,0,43831,44196,No,No,,,point,true,TERMINADA,100,,1
2020,Q0324,YO EMPRENDO,,Q0324,Q0324,GRUPO FARITEX,,SDES,2,AD,IT,0,"$55,458.96",0,2,0,PERSONAS,1,PERSONA,1,1,43831,44196,No,No,,,point,true,TERMINADA,100,,1
2020,Q0324,YO EMPRENDO,,Q0324,Q0324,TALLER DE COSTURA JACARANDA,,SDES,2,AD,IT,0,"$49,871.00",0,2,0,PERSONAS,1,PERSONA,2,0,43831,44196,No,No,,,point,true,TERMINADA,100,,1
2020,Q0324,YO EMPRENDO,,Q0324,Q0324,TALLER DE COSTURA KARLA,,SDES,2,AD,IT,0,"$26,668.00",0,1,0,PERSONAS,1,PERSONA,1,0,43831,44196,No,No,,,point,true,TERMINADA,100,,1
2020,Q0324,YO EMPRENDO,,Q0324,Q0324,COSTURITAS,,SDES,2,AD,IT,0,"$33,619.00",0,2,0,PERSONAS,1,PERSONA,2,0,43831,44196,No,No,,,point,true,TERMINADA,100,,1
2020,Q0324,YO EMPRENDO,,Q0324,Q0324,ESTETICA BLANCA,,SDES,2,AD,IT,0,"$27,029.00",0,1,0,PERSONAS,1,PERSONA,1,0,43831,44196,No,No,,,point,true,TERMINADA,100,,1
2020,Q0324,YO EMPRENDO,,Q0324,Q0324,BARBERSHOP FAMILY,,SDES,2,AD,IT,0,"$27,160.00",0,1,0,PERSONAS,1,PERSONA,0,1,43831,44196,No,No,,,point,true,TERMINADA,100,,1
2020,Q0324,YO EMPRENDO,,Q0324,Q0324,BOLSAS AMELIA,,SDES,2,AD,IT,0,"$27,177.00",0,1,0,PERSONAS,1,PERSONA,0,1,43831,44196,No,No,,,point,true,TERMINADA,100,,1
2020,Q0324,YO EMPRENDO,,Q0324,Q0324,CALZADO RISITAS,,SDES,2,AD,IT,0,"$26,059.54",0,1,0,PERSONAS,1,PERSONA,0,1,43831,44196,No,No,,,point,true,TERMINADA,100,,1
2020,Q0324,YO EMPRENDO,,Q0324,Q0324,CREACIONES TANIA,,SDES,2,AD,IT,0,"$17,375.00",0,1,0,PERSONAS,1,PERSONA,1,0,43831,44196,No,No,,,point,true,TERMINADA,100,,1
2020,Q0324,YO EMPRENDO,,Q0324,Q0324,ESTETICA NORMA´S,,SDES,2,AD,IT,0,"$22,689.00",0,1,0,PERSONAS,1,PERSONA,1,0,43831,44196,No,No,,,point,true,TERMINADA,100,,1
2020,Q0324,YO EMPRENDO,,Q0324,Q0324,ESTETICA YURELI,,SDES,2,AD,IT,0,"$23,299.00",0,1,0,PERSONAS,1,PERSONA,1,0,43831,44196,No,No,,,point,true,TERMINADA,100,,1
2020,Q0324,YO EMPRENDO,,Q0324,Q0324,HUARACHES DON JOSE,,SDES,2,AD,IT,0,"$29,511.99",0,1,0,PERSONAS,1,PERSONA,0,1,43831,44196,No,No,,,point,true,TERMINADA,100,,1
2020,Q0324,YO EMPRENDO,,Q0324,Q0324,GORDITAS DOÑA MARY,,SDES,2,AD,IT,0,"$34,468.00",0,1,0,PERSONAS,1,PERSONA,1,0,43831,44196,No,No,,,point,true,TERMINADA,100,,1
2020,Q0324,YO EMPRENDO,,Q0324,Q0324,ESTETICA UNISEX FABY,,SDES,2,AD,IT,0,"$24,879.00",0,1,0,PERSONAS,1,PERSONA,1,0,43831,44196,No,No,,,point,true,TERMINADA,100,,1
2020,Q0324,YO EMPRENDO,,Q0324,Q0324,ESTETICA JUANITA,,SDES,2,AD,IT,0,"$24,707.00",0,1,0,PERSONAS,1,PERSONA,1,0,43831,44196,No,No,,,point,true,TERMINADA,100,,1
2020,Q0324,YO EMPRENDO,,Q0324,Q0324,CHOCOLATE ARTESANO,,SDES,2,AD,IT,0,"$16,616.00",0,2,0,PERSONAS,1,PERSONA,1,1,43831,44196,No,No,,,point,true,TERMINADA,100,,1
2020,Q0324,YO EMPRENDO,,Q0324,Q0324,HELADOS GOURMET,,SDES,2,AD,IT,0,"$26,693.00",0,1,0,PERSONAS,1,PERSONA,1,0,43831,44196,No,No,,,point,true,TERMINADA,100,,1
2020,Q0324,YO EMPRENDO,,Q0324,Q0324,IAN BARBER SHOP,,SDES,2,AD,IT,0,"$23,386.00",0,1,0,PERSONAS,1,PERSONA,0,1,43831,44196,No,No,,,point,true,TERMINADA,100,,1
2020,Q0324,YO EMPRENDO,,Q0324,Q0324,DISEÑOS REGINA,,SDES,2,AD,IT,0,"$17,840.00",0,1,0,PERSONAS,1,PERSONA,1,0,43831,44196,No,No,,,point,true,TERMINADA,100,,1
2020,Q0324,YO EMPRENDO,,Q0324,Q0324,KIM ZAH BEAUTY ROOM,,SDES,2,AD,IT,0,"$32,632.00",0,1,0,PERSONAS,1,PERSONA,1,0,43831,44196,No,No,,,point,true,TERMINADA,100,,1
2020,Q0324,YO EMPRENDO,,Q0324,Q0324,COSTURAS XIMENA,,SDES,2,AD,IT,0,"$18,742.50",0,1,0,PERSONAS,1,PERSONA,1,0,43831,44196,No,No,,,point,true,TERMINADA,100,,1
2020,Q0324,YO EMPRENDO,,Q0324,Q0324,ESTETICA LESLI,,SDES,2,AD,IT,0,"$21,560.00",0,1,0,PERSONAS,1,PERSONA,1,0,43831,44196,No,No,,,point,true,TERMINADA,100,,1
2020,Q0324,YO EMPRENDO,,Q0324,Q0324,KEVIN BARBER,,SDES,2,AD,IT,0,"$23,676.50",0,1,0,PERSONAS,1,PERSONA,0,1,43831,44196,No,No,,,point,true,TERMINADA,100,,1
2020,Q0324,YO EMPRENDO,,Q0324,Q0324,TAQUERIA GUBY,,SDES,2,AD,IT,0,"$22,328.00",0,1,0,PERSONAS,1,PERSONA,0,1,43831,44196,No,No,,,point,true,TERMINADA,100,,1
2020,Q0324,YO EMPRENDO,,Q0324,Q0324,CONFECCIONES SOFI,,SDES,2,AD,IT,0,"$18,340.00",0,1,0,PERSONAS,1,PERSONA,1,0,43831,44196,No,No,,,point,true,TERMINADA,100,,1
2020,Q0324,YO EMPRENDO,,Q0324,Q0324,TALLER DE COSTURAS GABY,,SDES,2,AD,IT,0,"$21,920.00",0,1,0,PERSONAS,1,PERSONA,1,0,43831,44196,No,No,,,point,true,TERMINADA,100,,1
2020,Q0324,YO EMPRENDO,,Q0324,Q0324,TALLER DE COSTURAS LOS LAURELES,,SDES,2,AD,IT,0,"$18,586.52",0,1,0,PERSONAS,1,PERSONA,1,0,43831,44196,No,No,,,point,true,TERMINADA,100,,1
2020,Q0324,YO EMPRENDO,,Q0324,Q0324,HERRERIA GARCIA,,SDES,2,AD,IT,0,"$44,476.42",0,2,0,PERSONAS,1,PERSONA,0,2,43831,44196,No,No,,,point,true,TERMINADA,100,,1
2020,Q0324,YO EMPRENDO,,Q0324,Q0324,THE FASHION NAILS,,SDES,2,AD,IT,0,"$21,979.00",0,1,0,PERSONAS,1,PERSONA,1,0,43831,44196,No,No,,,point,true,TERMINADA,100,,1
2020,Q0324,YO EMPRENDO,,Q0324,Q0324,CINCELADO ROMO,,SDES,2,AD,IT,0,"$18,147.50",0,1,0,PERSONAS,1,PERSONA,0,1,43831,44196,No,No,,,point,true,TERMINADA,100,,1
2020,Q0324,YO EMPRENDO,,Q0324,Q0324,CONFECCIONES MARIANA,,SDES,2,AD,IT,0,"$25,480.00",0,2,0,PERSONAS,1,PERSONA,2,0,43831,44196,No,No,,,point,true,TERMINADA,100,,1
2020,Q0324,YO EMPRENDO,,Q0324,Q0324,CONFECCIONES MARY CHUY,,SDES,2,AD,IT,0,"$25,480.00",0,1,0,PERSONAS,1,PERSONA,1,0,43831,44196,No,No,,,point,true,TERMINADA,100,,1
2020,Q0324,YO EMPRENDO,,Q0324,Q0324,CREACIONES Y REPARACIONES CATALINA,,SDES,2,AD,IT,0,"$18,140.00",0,1,0,PERSONAS,1,PERSONA,1,0,43831,44196,No,No,,,point,true,TERMINADA,100,,1
2020,Q0324,YO EMPRENDO,,Q0324,Q0324,GISSELLE SANTORIAL,,SDES,2,AD,IT,0,"$22,210.00",0,1,0,PERSONAS,1,PERSONA,1,0,43831,44196,No,No,,,point,true,TERMINADA,100,,1
2020,Q0324,YO EMPRENDO,,Q0324,Q0324,MAQUILA GARCIA,,SDES,2,AD,IT,0,"$14,680.00",0,1,0,PERSONAS,1,PERSONA,1,0,43831,44196,No,No,,,point,true,TERMINADA,100,,1
2020,Q0324,YO EMPRENDO,,Q0324,Q0324,MAQUILA MARIALEX,,SDES,2,AD,IT,0,"$21,520.00",0,1,0,PERSONAS,1,PERSONA,1,0,43831,44196,No,No,,,point,true,TERMINADA,100,,1
2020,Q0324,YO EMPRENDO,,Q0324,Q0324,MARISOL COSTURAS,,SDES,2,AD,IT,0,"$25,480.00",0,1,0,PERSONAS,1,PERSONA,1,0,43831,44196,No,No,,,point,true,TERMINADA,100,,1
2020,Q0324,YO EMPRENDO,,Q0324,Q0324,COSTURA EN TU CASA,,SDES,2,AD,IT,0,"$20,849.00",0,1,0,PERSONAS,1,PERSONA,1,0,43831,44196,No,No,,,point,true,TERMINADA,100,,1
2020,Q0324,YO EMPRENDO,,Q0324,Q0324,TALLER DE COSTURA SANDY,,SDES,2,AD,IT,0,"$20,296.00",0,1,0,PERSONAS,1,PERSONA,1,0,43831,44196,No,No,,,point,true,TERMINADA,100,,1
2020,Q0324,YO EMPRENDO,,Q0324,Q0324,ESTETICA SUSY,,SDES,2,AD,IT,0,"$26,200.00",0,1,0,PERSONAS,1,PERSONA,1,0,43831,44196,No,No,,,point,true,TERMINADA,100,,1
2020,Q0324,YO EMPRENDO,,Q0324,Q0324,CARPINTERIA MS,,SDES,2,AD,IT,0,"$26,150.00",0,1,0,PERSONAS,1,PERSONA,0,1,43831,44196,No,No,,,point,true,TERMINADA,100,,1
2020,Q0324,YO EMPRENDO,,Q0324,Q0324,TOLDOS Y LONAS MORENO,,SDES,2,AD,IT,0,"$23,388.30",0,1,0,PERSONAS,1,PERSONA,1,0,43831,44196,No,No,,,point,true,TERMINADA,100,,1
2020,Q0324,YO EMPRENDO,,Q0324,Q0324,ESTETICA UNISEX MI ESTILO,,SDES,2,AD,IT,0,"$27,942.00",0,1,0,PERSONAS,1,PERSONA,1,0,43831,44196,No,No,,,point,true,TERMINADA,100,,1
2020,Q0324,YO EMPRENDO,,Q0324,Q0324,ESTETICA UNISEX PALOMA,,SDES,2,AD,IT,0,"$23,417.00",0,1,0,PERSONAS,1,PERSONA,1,0,43831,44196,No,No,,,point,true,TERMINADA,100,,1
2020,Q0324,YO EMPRENDO,,Q0324,Q0324,NAIL ART,,SDES,2,AD,IT,0,"$16,652.00",0,1,0,PERSONAS,1,PERSONA,1,0,43831,44196,No,No,,,point,true,TERMINADA,100,,1
2020,Q0324,YO EMPRENDO,,Q0324,Q0324,ESTETICA UNISEX MARY,,SDES,2,AD,IT,0,"$20,899.00",0,1,0,PERSONAS,1,PERSONA,1,0,43831,44196,No,No,,,point,true,TERMINADA,100,,1
2020,Q0324,YO EMPRENDO,,Q0324,Q0324,BARBER SHOP ANGEL,,SDES,2,AD,IT,0,"$23,018.56",0,1,0,PERSONAS,1,PERSONA,0,1,43831,44196,No,No,,,point,true,TERMINADA,100,,1
2020,Q0324,YO EMPRENDO,,Q0324,Q0324,COSTURAS LARA,,SDES,2,AD,IT,0,"$26,102.01",0,1,0,PERSONAS,1,PERSONA,1,0,43831,44196,No,No,,,point,true,TERMINADA,100,,1
2020,Q0324,YO EMPRENDO,,Q0324,Q0324,PASTELERIA LUPITA,,SDES,2,AD,IT,0,"$38,219.00",0,2,0,PERSONAS,1,PERSONA,1,1,43831,44196,No,No,,,point,true,TERMINADA,100,,1
2020,Q0324,YO EMPRENDO,,Q0324,Q0324,RESTAURANTE LAS CACTACEAS,,SDES,2,AD,IT,0,"$53,594.00",0,1,0,PERSONAS,1,PERSONA,1,0,43831,44196,No,No,,,point,true,TERMINADA,100,,1
2020,Q0324,YO EMPRENDO,,Q0324,Q0324,COSTURAS LUPE,,SDES,2,AD,IT,0,"$19,720.80",0,1,0,PERSONAS,1,PERSONA,1,0,43831,44196,No,No,,,point,true,TERMINADA,100,,1
2020,Q0324,YO EMPRENDO,,Q0324,Q0324,ESTETICA ANY,,SDES,2,AD,IT,0,"$26,689.00",0,1,0,PERSONAS,1,PERSONA,1,0,43831,44196,No,No,,,point,true,TERMINADA,100,,1
2020,Q0324,YO EMPRENDO,,Q0324,Q0324,ESTETICA BEAUTY & STYLE ,,SDES,2,AD,IT,0,"$26,689.00",0,1,0,PERSONAS,1,PERSONA,1,0,43831,44196,No,No,,,point,true,TERMINADA,100,,1
2020,Q0324,YO EMPRENDO,,Q0324,Q0324,CREACIONES BERE,,SDES,2,AD,IT,0,"$18,398.00",0,1,0,PERSONAS,1,PERSONA,1,0,43831,44196,No,No,,,point,true,TERMINADA,100,,1
2020,Q0324,YO EMPRENDO,,Q0324,Q0324,ESTETICA DE BLANCA,,SDES,2,AD,IT,0,"$21,829.00",0,1,0,PERSONAS,1,PERSONA,1,0,43831,44196,No,No,,,point,true,TERMINADA,100,,1
2020,Q0324,YO EMPRENDO,,Q0324,Q0324,ESTETICA GLAXIDI,,SDES,2,AD,IT,0,"$25,266.50",0,1,0,PERSONAS,1,PERSONA,1,0,43831,44196,No,No,,,point,true,TERMINADA,100,,1
2020,Q0324,YO EMPRENDO,,Q0324,Q0324,RED HOUSE,,SDES,2,AD,IT,0,"$22,980.00",0,1,0,PERSONAS,1,PERSONA,1,0,43831,44196,No,No,,,point,true,TERMINADA,100,,1
2020,Q0324,YO EMPRENDO,,Q0324,Q0324,ALITAS Y HAMBURGUESAS EL BOLILLO,,SDES,2,AD,IT,0,"$23,600.00",0,2,0,PERSONAS,1,PERSONA,1,1,43831,44196,No,No,,,point,true,TERMINADA,100,,1
2020,Q0324,YO EMPRENDO,,Q0324,Q0324,COSTURAS VEGA,,SDES,2,AD,IT,0,"$25,480.00",0,2,0,PERSONAS,1,PERSONA,2,0,43831,44196,No,No,,,point,true,TERMINADA,100,,1
2020,Q0324,YO EMPRENDO,,Q0324,Q0324,LAS COSTURAS DE ANDREA,,SDES,2,AD,IT,0,"$17,640.00",0,1,0,PERSONAS,1,PERSONA,1,0,43831,44196,No,No,,,point,true,TERMINADA,100,,1
2020,Q0324,YO EMPRENDO,,Q0324,Q0324,SISTEMAS INTEGRALES AUTOMOTRICES KATOR,,SDES,2,AD,IT,0,"$17,350.00",0,1,0,PERSONAS,1,PERSONA,0,1,43831,44196,No,No,,,point,true,TERMINADA,100,,1
2020,Q0324,YO EMPRENDO,,Q0324,Q0324,ANTOJITOS LIZBY,,SDES,2,AD,IT,0,"$16,494.00",0,1,0,PERSONAS,1,PERSONA,1,0,43831,44196,No,No,,,point,true,TERMINADA,100,,1
2020,Q0324,YO EMPRENDO,,Q0324,Q0324,LOS 4 VIENTOS,,SDES,2,AD,IT,0,"$20,000.00",0,1,0,PERSONAS,1,PERSONA,1,0,43831,44196,No,No,,,point,true,TERMINADA,100,,1
2020,Q0324,YO EMPRENDO,,Q0324,Q0324,ESTETICA UNISEX BELA,,SDES,2,AD,IT,0,"$18,595.00",0,1,0,PERSONAS,1,PERSONA,1,0,43831,44196,No,No,,,point,true,TERMINADA,100,,1
2020,Q0324,YO EMPRENDO,,Q0324,Q0324,TALLER DE COSTURAS EL SABINO,,SDES,2,AD,IT,0,"$14,717.11",0,1,0,PERSONAS,1,PERSONA,1,0,43831,44196,No,No,,,point,true,TERMINADA,100,,1
2020,Q0324,YO EMPRENDO,,Q0324,Q0324,ESTETICA GREYS,,SDES,2,AD,IT,0,"$21,617.00",0,1,0,PERSONAS,1,PERSONA,1,0,43831,44196,No,No,,,point,true,TERMINADA,100,,1
2020,Q0324,YO EMPRENDO,,Q0324,Q0324,ESTETICA BRANDONS,,SDES,2,AD,IT,0,"$26,987.00",0,1,0,PERSONAS,1,PERSONA,1,0,43831,44196,No,No,,,point,true,TERMINADA,100,,1
2020,Q0324,YO EMPRENDO,,Q0324,Q0324,TORTILLAS TRADICIONALES DOÑA CARMEN,,SDES,2,AD,IT,0,"$17,956.00",0,1,0,PERSONAS,1,PERSONA,1,0,43831,44196,No,No,,,point,true,TERMINADA,100,,1
2020,Q0324,YO EMPRENDO,,Q0324,Q0324,ESTETICA BEAUTY,,SDES,2,AD,IT,0,"$21,677.00",0,1,0,PERSONAS,1,PERSONA,1,0,43831,44196,No,No,,,point,true,TERMINADA,100,,1
2020,Q0324,YO EMPRENDO,,Q0324,Q0324,ESTETICA JUANNY,,SDES,2,AD,IT,0,"$23,595.00",0,1,0,PERSONAS,1,PERSONA,1,0,43831,44196,No,No,,,point,true,TERMINADA,100,,1
2020,Q0324,YO EMPRENDO,,Q0324,Q0324,ESTETICA EBEN EZER,,SDES,2,AD,IT,0,"$22,968.00",0,1,0,PERSONAS,1,PERSONA,1,0,43831,44196,No,No,,,point,true,TERMINADA,100,,1
2020,Q0324,YO EMPRENDO,,Q0324,Q0324,CONSTRUCCIONES LOPEZ,,SDES,2,AD,IT,0,"$20,799.99",0,1,0,PERSONAS,1,PERSONA,0,1,43831,44196,No,No,,,point,true,TERMINADA,100,,1
2020,Q0324,YO EMPRENDO,,Q0324,Q0324,CREACIONES XOCONOSTLE,,SDES,2,AD,IT,0,"$26,148.00",0,1,0,PERSONAS,1,PERSONA,1,0,43831,44196,No,No,,,point,true,TERMINADA,100,,1
2020,Q0324,YO EMPRENDO,,Q0324,Q0324,ECOSTURAS ANGI,,SDES,2,AD,IT,0,"$21,762.00",0,1,0,PERSONAS,1,PERSONA,1,0,43831,44196,No,No,,,point,true,TERMINADA,100,,1
2020,Q0324,YO EMPRENDO,,Q0324,Q0324,BARBER SHOP JIREH,,SDES,2,AD,IT,0,"$30,143.00",0,1,0,PERSONAS,1,PERSONA,1,0,43831,44196,No,No,,,point,true,TERMINADA,100,,1
2020,Q0324,YO EMPRENDO,,Q0324,Q0324,TAPICERIA DON TINO,,SDES,2,AD,IT,0,"$18,020.25",0,1,0,PERSONAS,1,PERSONA,0,1,43831,44196,No,No,,,point,true,TERMINADA,100,,1
2020,Q0324,YO EMPRENDO,,Q0324,Q0324,QUESOS LA SOLEDAD,,SDES,2,AD,IT,0,"$21,774.00",0,1,0,PERSONAS,1,PERSONA,1,0,43831,44196,No,No,,,point,true,TERMINADA,100,,1
2020,Q0324,YO EMPRENDO,,Q0324,Q0324,ESTETICA ISABELLA,,SDES,2,AD,IT,0,"$25,707.00",0,1,0,PERSONAS,1,PERSONA,1,0,43831,44196,No,No,,,point,true,TERMINADA,100,,1
2020,Q0324,YO EMPRENDO,,Q0324,Q0324,ESTETICA ANY ALVAREZ,,SDES,2,AD,IT,0,"$27,149.00",0,1,0,PERSONAS,1,PERSONA,1,0,43831,44196,No,No,,,point,true,TERMINADA,100,,1
2020,Q0324,YO EMPRENDO,,Q0324,Q0324,DISEÑOS GARCIA,,SDES,2,AD,IT,0,"$18,640.00",0,1,0,PERSONAS,1,PERSONA,1,0,43831,44196,No,No,,,point,true,TERMINADA,100,,1
2020,Q0324,YO EMPRENDO,,Q0324,Q0324,SALON DE BELLEZA ESVA,,SDES,2,AD,IT,0,"$28,960.00",0,1,0,PERSONAS,1,PERSONA,1,0,43831,44196,No,No,,,point,true,TERMINADA,100,,1
2020,Q0324,YO EMPRENDO,,Q0324,Q0324,SALA DE BELLEZA YOCEUL,,SDES,2,AD,IT,0,"$20,322.00",0,1,0,PERSONAS,1,PERSONA,1,0,43831,44196,No,No,,,point,true,TERMINADA,100,,1
2020,Q0324,YO EMPRENDO,,Q0324,Q0324,CREACIONES PADRON,,SDES,2,AD,IT,0,"$18,840.00",0,1,0,PERSONAS,1,PERSONA,1,0,43831,44196,No,No,,,point,true,TERMINADA,100,,1
2020,Q0324,YO EMPRENDO,,Q0324,Q0324,CONFECCIONES IDALIA,,SDES,2,AD,IT,0,"$18,840.00",0,1,0,PERSONAS,1,PERSONA,1,0,43831,44196,No,No,,,point,true,TERMINADA,100,,1
2020,Q0324,YO EMPRENDO,,Q0324,Q0324,ESTETICA YOLIS,,SDES,2,AD,IT,0,"$19,907.00",0,1,0,PERSONAS,1,PERSONA,1,0,43831,44196,No,No,,,point,true,TERMINADA,100,,1
2020,Q0324,YO EMPRENDO,,Q0324,Q0324,HOJALATERIA Y PINTURA ALVAREZ,,SDES,2,AD,IT,0,"$21,000.00",0,1,0,PERSONAS,1,PERSONA,0,1,43831,44196,No,No,,,point,true,TERMINADA,100,,1
2020,Q0324,YO EMPRENDO,,Q0324,Q0324,ESTETICA LADY SIEMPRE BELLA,,SDES,2,AD,IT,0,"$21,332.00",0,1,0,PERSONAS,1,PERSONA,1,0,43831,44196,No,No,,,point,true,TERMINADA,100,,1
2020,Q0324,YO EMPRENDO,,Q0324,Q0324,GELATO EL CALDERO DE LA BRUJA,,SDES,2,AD,IT,0,"$63,189.00",0,2,0,PERSONAS,1,PERSONA,1,1,43831,44196,No,No,,,point,true,TERMINADA,100,,1
2020,Q0324,YO EMPRENDO,,Q0324,Q0324,PELUQUERÍA PATTY,,SDES,2,AD,IT,0,"$22,668.00",0,1,0,PERSONAS,1,PERSONA,0,1,43831,44196,No,No,,,point,true,TERMINADA,100,,1
2020,Q0324,YO EMPRENDO,,Q0324,Q0324,UNIÓN ESTILO BARBER SHOP,,SDES,2,AD,IT,0,"$29,936.00",0,2,0,PERSONAS,1,PERSONA,0,2,43831,44196,No,No,,,point,true,TERMINADA,100,,1
2020,Q0324,YO EMPRENDO,,Q0324,Q0324,LA CENADURIA DE ROSA,,SDES,2,AD,IT,0,"$17,138.00",0,1,0,PERSONAS,1,PERSONA,1,0,43831,44196,No,No,,,point,true,TERMINADA,100,,1
2020,Q0324,YO EMPRENDO,,Q0324,Q0324, CECI´S JUICY,,SDES,2,AD,IT,0,"$22,029.00",0,1,0,PERSONAS,1,PERSONA,1,0,43831,44196,No,No,,,point,true,TERMINADA,100,,1
2020,Q0324,YO EMPRENDO,,Q0324,Q0324,ANTOJITOS MEXICANOS DOÑA ELIA,,SDES,2,AD,IT,0,"$20,000.00",0,1,0,PERSONAS,1,PERSONA,1,0,43831,44196,No,No,,,point,true,TERMINADA,100,,1
2020,Q0324,YO EMPRENDO,,Q0324,Q0324,ESTETICA ROSI,,SDES,2,AD,IT,0,"$16,955.00",0,1,0,PERSONAS,1,PERSONA,1,0,43831,44196,No,No,,,point,true,TERMINADA,100,,1
2020,Q0324,YO EMPRENDO,,Q0324,Q0324,CENTRO DE BELLEZA BLANCA MTZ,,SDES,2,AD,IT,0,"$26,987.00",0,1,0,PERSONAS,1,PERSONA,1,0,43831,44196,No,No,,,point,true,TERMINADA,100,,1
2020,Q0324,YO EMPRENDO,,Q0324,Q0324,ESTETICA ESMERALDA,,SDES,2,AD,IT,0,"$22,307.00",0,1,0,PERSONAS,1,PERSONA,1,0,43831,44196,No,No,,,point,true,TERMINADA,100,,1
2020,Q0324,YO EMPRENDO,,Q0324,Q0324,VARIEDADES LA GÜERA,,SDES,2,AD,IT,0,"$21,544.00",0,1,0,PERSONAS,1,PERSONA,1,0,43831,44196,No,No,,,point,true,TERMINADA,100,,1
2020,Q0324,YO EMPRENDO,,Q0324,Q0324,LONCHERIA BETA,,SDES,2,AD,IT,0,"$36,075.00",0,2,0,PERSONAS,1,PERSONA,1,1,43831,44196,No,No,,,point,true,TERMINADA,100,,1
2020,Q0324,YO EMPRENDO,,Q0324,Q0324,TALLER DE COSTURA GUADALUPE,,SDES,2,AD,IT,0,"$22,796.00",0,1,0,PERSONAS,1,PERSONA,1,0,43831,44196,No,No,,,point,true,TERMINADA,100,,1
2020,Q0324,YO EMPRENDO,,Q0324,Q0324,PIZZAS MARY,,SDES,2,AD,IT,0,"$17,261.00",0,1,0,PERSONAS,1,PERSONA,1,0,43831,44196,No,No,,,point,true,TERMINADA,100,,1
2020,Q0324,YO EMPRENDO,,Q0324,Q0324,CARPINTERIA MEJIA,,SDES,2,AD,IT,0,"$35,708.07",0,2,0,PERSONAS,1,PERSONA,1,1,43831,44196,No,No,,,point,true,TERMINADA,100,,1
2020,Q0324,YO EMPRENDO,,Q0324,Q0324,ESTRUCTURAS METALICAS PROGRESO,,SDES,2,AD,IT,0,"$72,436.92",0,3,0,PERSONAS,1,PERSONA,0,3,43831,44196,No,No,,,point,true,TERMINADA,100,,1
2020,Q0324,YO EMPRENDO,,Q0324,Q0324,GABY STYLE RELAX,,SDES,2,AD,IT,0,"$19,668.00",0,1,0,PERSONAS,1,PERSONA,1,0,43831,44196,No,No,,,point,true,TERMINADA,100,,1
2020,Q0324,YO EMPRENDO,,Q0324,Q0324,TALLER DE COSTURA CRISPIN MENDOZA,,SDES,2,AD,IT,0,"$19,418.75",0,1,0,PERSONAS,1,PERSONA,1,0,43831,44196,No,No,,,point,true,TERMINADA,100,,1
2020,Q0324,YO EMPRENDO,,Q0324,Q0324,BLANCOS Y CREACIONES RUIZ,,SDES,2,AD,IT,0,"$19,894.00",0,1,0,PERSONAS,1,PERSONA,0,1,43831,44196,No,No,,,point,true,TERMINADA,100,,1
2020,Q0324,YO EMPRENDO,,Q0324,Q0324,COSTURAS Y CREACIONES MONSE,,SDES,2,AD,IT,0,"$25,029.00",0,1,0,PERSONAS,1,PERSONA,1,0,43831,44196,No,No,,,point,true,TERMINADA,100,,1
2020,Q0324,YO EMPRENDO,,Q0324,Q0324,SPA Y CUIDADO PERSONAL NANNY,,SDES,2,AD,IT,0,"$26,427.00",0,1,0,PERSONAS,1,PERSONA,1,0,43831,44196,No,No,,,point,true,TERMINADA,100,,1
2020,Q0324,YO EMPRENDO,,Q0324,Q0324,ALTA COSTURA LAURETT,,SDES,2,AD,IT,0,"$22,720.00",0,1,0,PERSONAS,1,PERSONA,1,0,43831,44196,No,No,,,point,true,TERMINADA,100,,1
2020,Q0324,YO EMPRENDO,,Q0324,Q0324,CALZADO NIETO,,SDES,2,AD,IT,0,"$22,635.00",0,1,0,PERSONAS,1,PERSONA,0,1,43831,44196,No,No,,,point,true,TERMINADA,100,,1
2020,Q0324,YO EMPRENDO,,Q0324,Q0324,ESTETICA CLARIBELLA,,SDES,2,AD,IT,0,"$29,505.00",0,1,0,PERSONAS,1,PERSONA,1,0,43831,44196,No,No,,,point,true,TERMINADA,100,,1
2020,Q0324,YO EMPRENDO,,Q0324,Q0324,ESTETICA ESTILOS,,SDES,2,AD,IT,0,"$18,968.00",0,1,0,PERSONAS,1,PERSONA,1,0,43831,44196,No,No,,,point,true,TERMINADA,100,,1
2020,Q0324,YO EMPRENDO,,Q0324,Q0324,STUDIO NAILS,,SDES,2,AD,IT,0,"$18,240.00",0,1,0,PERSONAS,1,PERSONA,1,0,43831,44196,No,No,,,point,true,TERMINADA,100,,1
2020,Q0324,YO EMPRENDO,,Q0324,Q0324,BARBERIA COVI88,,SDES,2,AD,IT,0,"$22,460.00",0,1,0,PERSONAS,1,PERSONA,0,1,43831,44196,No,No,,,point,true,TERMINADA,100,,1
2020,Q0324,YO EMPRENDO,,Q0324,Q0324,LONCHERIA GABY,,SDES,2,AD,IT,0,"$15,666.00",0,1,0,PERSONAS,1,PERSONA,1,0,43831,44196,No,No,,,point,true,TERMINADA,100,,1
2020,Q0324,YO EMPRENDO,,Q0324,Q0324,MARY STYLE CENTER SALON,,SDES,2,AD,IT,0,"$20,280.00",0,1,0,PERSONAS,1,PERSONA,1,0,43831,44196,No,No,,,point,true,TERMINADA,100,,1
2020,Q0324,YO EMPRENDO,,Q0324,Q0324,NIEVES DON POLLO,,SDES,2,AD,IT,0,"$28,785.00",0,2,0,PERSONAS,1,PERSONA,1,1,43831,44196,No,No,,,point,true,TERMINADA,100,,1
2020,Q0324,YO EMPRENDO,,Q0324,Q0324,PANADERIA ARI,,SDES,2,AD,IT,0,"$30,000.00",0,1,0,PERSONAS,1,PERSONA,1,0,43831,44196,No,No,,,point,true,TERMINADA,100,,1
2020,Q0324,YO EMPRENDO,,Q0324,Q0324,SALON DE BELLEZA CAROLINA GARMAN MAKEOVERS,,SDES,2,AD,IT,0,"$22,978.00",0,1,0,PERSONAS,1,PERSONA,0,1,43831,44196,No,No,,,point,true,TERMINADA,100,,1
2020,Q0324,YO EMPRENDO,,Q0324,Q0324,TAQUERIA,,SDES,2,AD,IT,0,"$20,000.00",0,1,0,PERSONAS,1,PERSONA,0,1,43831,44196,No,No,,,point,true,TERMINADA,100,,1
2020,Q0324,YO EMPRENDO,,Q0324,Q0324,BARBERIA EL GORDO,,SDES,2,AD,IT,0,"$25,417.56",0,1,0,PERSONAS,1,PERSONA,0,1,43831,44196,No,No,,,point,true,TERMINADA,100,,1
2020,Q0324,YO EMPRENDO,,Q0324,Q0324,SUBLIMACION XICHÚ,,SDES,2,AD,IT,0,"$30,200.00",0,1,0,PERSONAS,1,PERSONA,0,1,43831,44196,No,No,,,point,true,TERMINADA,100,,1
2020,Q0324,YO EMPRENDO,,Q0324,Q0324,TALLER DE COSTURA MARTINEZ,,SDES,2,AD,IT,0,"$22,796.00",0,1,0,PERSONAS,1,PERSONA,1,0,43831,44196,No,No,,,point,true,TERMINADA,100,,1
2020,Q0324,YO EMPRENDO,,Q0324,Q0324,VIVIS SALON,,SDES,2,AD,IT,0,"$22,238.00",0,1,0,PERSONAS,1,PERSONA,1,0,43831,44196,No,No,,,point,true,TERMINADA,100,,1
2020,Q0324,YO EMPRENDO,,Q0324,Q0324,AMADI ALMUERZOS MEXICANOS,,SDES,2,AD,IT,0,"$90,209.00",0,2,0,PERSONAS,1,PERSONA,2,0,43831,44196,No,No,,,point,true,TERMINADA,100,,1
2020,Q0324,YO EMPRENDO,,Q0324,Q0324,SANDRA´S CAKES,,SDES,2,AD,IT,0,"$29,094.00",0,1,0,PERSONAS,1,PERSONA,1,0,43831,44196,No,No,,,point,true,TERMINADA,100,,1
2020,Q0324,YO EMPRENDO,,Q0324,Q0324,CARNICERIA AMERICA,,SDES,2,AD,IT,0,"$23,200.00",0,1,0,PERSONAS,1,PERSONA,1,0,43831,44196,No,No,,,point,true,TERMINADA,100,,1
,,,,,,,,,,,,,,,,,,,,,,,,,,,,,,,,,
,,,,,,,,,,,,,,,,,,,,,,,,,,,,,,,,,
,,,,,,,,,,,,,,,,,,,,,,,,,,,,,,,,,
,,,,,,,,,,,,,,,,,,,,,,,,,,,,,,,,,
,,,,,,,,,,,,,,,,,,,,,,,,,,,,,,,,,
,,,,,,,,,,,,,,,,,,,,,,,,,,,,,,,,,
,,,,,,,,,,,,,,,,,,,,,,,,,,,,,,,,,
,,,,,,,,,,,,,,,,,,,,,,,,,,,,,,,,,
,,,,,,,,,,,,,,,,,,,,,,,,,,,,,,,,,
,,,,,,,,,,,,,,,,,,,,,,,,,,,,,,,,,
,,,,,,,,,,,,,,,,,,,,,,,,,,,,,,,,,
,,,,,,,,,,,,,,,,,,,,,,,,,,,,,,,,,
,,,,,,,,,,,,,,,,,,,,,,,,,,,,,,,,,
,,,,,,,,,,,,,,,,,,,,,,,,,,,,,,,,,
,,,,,,,,,,,,,,,,,,,,,,,,,,,,,,,,,
,,,,,,,,,,,,,,,,,,,,,,,,,,,,,,,,,
,,,,,,,,,,,,,,,,,,,,,,,,,,,,,,,,,
,,,,,,,,,,,,,,,,,,,,,,,,,,,,,,,,,
,,,,,,,,,,,,,,,,,,,,,,,,,,,,,,,,,
,,,,,,,,,,,,,,,,,,,,,,,,,,,,,,,,,
,,,,,,,,,,,,,,,,,,,,,,,,,,,,,,,,,
,,,,,,,,,,,,,,,,,,,,,,,,,,,,,,,,,
,,,,,,,,,,,,,,,,,,,,,,,,,,,,,,,,,
,,,,,,,,,,,,,,,,,,,,,,,,,,,,,,,,,
,,,,,,,,,,,,,,,,,,,,,,,,,,,,,,,,,
,,,,,,,,,,,,,,,,,,,,,,,,,,,,,,,,,
,,,,,,,,,,,,,,,,,,,,,,,,,,,,,,,,,
,,,,,,,,,,,,,,,,,,,,,,,,,,,,,,,,,
,,,,,,,,,,,,,,,,,,,,,,,,,,,,,,,,,
,,,,,,,,,,,,,,,,,,,,,,,,,,,,,,,,,
,,,,,,,,,,,,,,,,,,,,,,,,,,,,,,,,,
,,,,,,,,,,,,,,,,,,,,,,,,,,,,,,,,,
,,,,,,,,,,,,,,,,,,,,,,,,,,,,,,,,,
,,,,,,,,,,,,,,,,,,,,,,,,,,,,,,,,,
,,,,,,,,,,,,,,,,,,,,,,,,,,,,,,,,,
,,,,,,,,,,,,,,,,,,,,,,,,,,,,,,,,,
,,,,,,,,,,,,,,,,,,,,,,,,,,,,,,,,,
,,,,,,,,,,,,,,,,,,,,,,,,,,,,,,,,,
,,,,,,,,,,,,,,,,,,,,,,,,,,,,,,,,,
,,,,,,,,,,,,,,,,,,,,,,,,,,,,,,,,,
,,,,,,,,,,,,,,,,,,,,,,,,,,,,,,,,,
,,,,,,,,,,,,,,,,,,,,,,,,,,,,,,,,,
,,,,,,,,,,,,,,,,,,,,,,,,,,,,,,,,,
,,,,,,,,,,,,,,,,,,,,,,,,,,,,,,,,,
,,,,,,,,,,,,,,,,,,,,,,,,,,,,,,,,,
,,,,,,,,,,,,,,,,,,,,,,,,,,,,,,,,,
,,,,,,,,,,,,,,,,,,,,,,,,,,,,,,,,,
,,,,,,,,,,,,,,,,,,,,,,,,,,,,,,,,,
,,,,,,,,,,,,,,,,,,,,,,,,,,,,,,,,,
,,,,,,,,,,,,,,,,,,,,,,,,,,,,,,,,,
,,,,,,,,,,,,,,,,,,,,,,,,,,,,,,,,,
,,,,,,,,,,,,,,,,,,,,,,,,,,,,,,,,,
,,,,,,,,,,,,,,,,,,,,,,,,,,,,,,,,,
,,,,,,,,,,,,,,,,,,,,,,,,,,,,,,,,,
,,,,,,,,,,,,,,,,,,,,,,,,,,,,,,,,,
,,,,,,,,,,,,,,,,,,,,,,,,,,,,,,,,,
,,,,,,,,,,,,,,,,,,,,,,,,,,,,,,,,,
,,,,,,,,,,,,,,,,,,,,,,,,,,,,,,,,,
,,,,,,,,,,,,,,,,,,,,,,,,,,,,,,,,,
,,,,,,,,,,,,,,,,,,,,,,,,,,,,,,,,,
,,,,,,,,,,,,,,,,,,,,,,,,,,,,,,,,,
,,,,,,,,,,,,,,,,,,,,,,,,,,,,,,,,,
,,,,,,,,,,,,,,,,,,,,,,,,,,,,,,,,,
,,,,,,,,,,,,,,,,,,,,,,,,,,,,,,,,,
,,,,,,,,,,,,,,,,,,,,,,,,,,,,,,,,,
,,,,,,,,,,,,,,,,,,,,,,,,,,,,,,,,,
,,,,,,,,,,,,,,,,,,,,,,,,,,,,,,,,,
,,,,,,,,,,,,,,,,,,,,,,,,,,,,,,,,,
,,,,,,,,,,,,,,,,,,,,,,,,,,,,,,,,,
,,,,,,,,,,,,,,,,,,,,,,,,,,,,,,,,,
,,,,,,,,,,,,,,,,,,,,,,,,,,,,,,,,,
,,,,,,,,,,,,,,,,,,,,,,,,,,,,,,,,,
,,,,,,,,,,,,,,,,,,,,,,,,,,,,,,,,,
,,,,,,,,,,,,,,,,,,,,,,,,,,,,,,,,,
,,,,,,,,,,,,,,,,,,,,,,,,,,,,,,,,,
